<galaxy>
    <star name="Sol" temp="100" x="0" y="0" numPlanets="0" numGasGiants="0">
		<planet name="Earth" DIMID="0" dimMapping="" customIcon="earth">
			<isKnown>true</isKnown>
			<fogColor>1.0,1.0,1.0</fogColor>
			<skyColor>1.0,1.0,1.0</skyColor>
			<gravitationalMultiplier>100</gravitationalMultiplier>
			<orbitalDistance>50</orbitalDistance>
			<orbitalPhi>0</orbitalPhi>
			<rotationalPeriod>24000</rotationalPeriod>
			<atmosphereDensity>100</atmosphereDensity>
			<planet name="Luna" DIMID="100" temp="250" customIcon="moon">
				<isKnown>true</isKnown>
				<biomeIds>advancedrocketry:moon,advancedrocketry:moondark,biometweaker:craters</biomeIds>
				<fogColor>1.0,1.0,1.0</fogColor>
				<skyColor>1.0,1.0,1.0</skyColor>
				<atmosphereDensity>0</atmosphereDensity>
				<gravitationalMultiplier>16</gravitationalMultiplier>
				<orbitalDistance>25</orbitalDistance>
				<orbitalPhi>5.145</orbitalPhi>
				<rotationalPeriod>144000</rotationalPeriod>
				<atmosphereDensity>0</atmosphereDensity>
				<oceanBlock>minecraft:packed_ice</oceanBlock>
				<seaLevel>47</seaLevel>
				<generateStructures>true</generateStructures>
				<oreGen>
					<ore block="minecraft:air" minHeight="10" maxHeight="80" clumpSize="90" chancePerChunk="1" />
					<ore block="libvulpes:ore0" meta="0" minHeight="5" maxHeight="15" clumpSize="8" chancePerChunk="4" />
					<ore block="libvulpes:ore0" meta="8" minHeight="5" maxHeight="40" clumpSize="7" chancePerChunk="4" />
					<ore block="minecraft:iron_ore" minHeight="20" maxHeight="80" clumpSize="9" chancePerChunk="30" />
					<ore block="minecraft:gold_ore" minHeight="20" maxHeight="60" clumpSize="9" chancePerChunk="3" />
					<ore block="thermalfoundation:ore" meta="2" minHeight="20" maxHeight="60" clumpSize="7" chancePerChunk="3" />
					<ore block="thermalfoundation:ore" meta="6" minHeight="5" maxHeight="50" clumpSize="4" chancePerChunk="1" />
				</oreGen>
			</planet>
		</planet>
		<planet name="Mercury" DIMID="101" temp="750" customIcon="mercury">
			<isKnown>true</isKnown>
		    <biomeIds>advancedrocketry:volcanicbarren</biomeIds>
            <skyColor>0,0,0</skyColor>
			<atmosphereDensity>0</atmosphereDensity>
			<seaLevel>1</seaLevel>
			<gravitationalMultiplier>38</gravitationalMultiplier>
			<orbitalDistance>20</orbitalDistance>
			<orbitalPhi>7</orbitalPhi>
			<rotationalPeriod>1400000</rotationalPeriod>
		</planet>
		<planet name="Venus" DIMID="102" temp="750" customIcon="venus">
			<isKnown>true</isKnown>
		    <biomeIds>advancedrocketry:volcanic,advancedrocketry:volcanicbarren</biomeIds>
            <skyColor>0.8,0.6,0.3</skyColor>
			<fogColor>0.8,0.6,0.3</fogColor>
			<atmosphereDensity>250</atmosphereDensity>
			<hasOxygen>false</hasOxygen>
			<gravitationalMultiplier>90</gravitationalMultiplier>
			<orbitalDistance>35</orbitalDistance>
			<orbitalPhi>3.4</orbitalPhi>
			<rotationalPeriod>2784000</rotationalPeriod>
		</planet>
		<planet name="Mars" DIMID="103" temp="400" customIcon="mars">
			<isKnown>true</isKnown>
			<biomeIds>biometweaker:polar,biometweaker:basin,biometweaker:volcano,advancedrocketry:hotdryrock</biomeIds>
            <skyColor>0.6,0.1,0</skyColor>
			<fogColor>0.6,0.1,0</fogColor>
			<atmosphereDensity>1</atmosphereDensity>
			<hasOxygen>false</hasOxygen>
			<orbitalDistance>75</orbitalDistance>
			<orbitalPhi>1.85</orbitalPhi>
			<gravitationalMultiplier>38</gravitationalMultiplier>
			<rotationalPeriod>24616</rotationalPeriod>
			<oceanBlock>minecraft:packed_ice</oceanBlock>
			<seaLevel>0</seaLevel>
			<generateStructures>false</generateStructures>
			<oreGen>
				<ore block="minecraft:air" minHeight="10" maxHeight="170" clumpSize="90" chancePerChunk="1" />
				<ore block="libvulpes:ore0" meta="8" minHeight="5" maxHeight="40" clumpSize="9" chancePerChunk="4" />
				<ore block="minecraft:iron_ore" minHeight="20" maxHeight="170" clumpSize="9" chancePerChunk="15" />
				<ore block="minecraft:gold_ore" minHeight="20" maxHeight="60" clumpSize="7" chancePerChunk="1" />
				<ore block="thermalfoundation:ore" meta="0" minHeight="5" maxHeight="170" clumpSize="9" chancePerChunk="2" />
				<ore block="thermalfoundation:ore" meta="4" minHeight="20" maxHeight="170" clumpSize="9" chancePerChunk="10" />
				<ore block="thermalfoundation:ore" meta="5" minHeight="5" maxHeight="80" clumpSize="7" chancePerChunk="1" />
			</oreGen>
			<planet name="Phobos" DIMID="111" temp="250" customIcon="potato">
				<isKnown>true</isKnown>
				<biomeIds>biometweaker:asteroid</biomeIds>
				<fogColor>1.0,1.0,1.0</fogColor>
				<skyColor>1.0,1.0,1.0</skyColor>
				<atmosphereDensity>0</atmosphereDensity>
				<gravitationalMultiplier>1</gravitationalMultiplier>
				<orbitalDistance>60</orbitalDistance>
				<orbitalPhi>1.1</orbitalPhi>
				<rotationalPeriod>7650</rotationalPeriod>
				<atmosphereDensity>0</atmosphereDensity>
				<oceanBlock>minecraft:packed_ice</oceanBlock>
				<seaLevel>0</seaLevel>
				<generateStructures>false</generateStructures>
				<oreGen>
					<ore block="minecraft:packed_ice" minHeight="5" maxHeight="60" clumpSize="33" chancePerChunk="5" />
					<ore block="minecraft:iron_ore" minHeight="20" maxHeight="170" clumpSize="9" chancePerChunk="30" />
					<ore block="thermalfoundation:ore" meta="5" minHeight="20" maxHeight="170" clumpSize="7" chancePerChunk="3" />
					<ore block="thermalfoundation:ore" meta="7" minHeight="5" maxHeight="50" clumpSize="4" chancePerChunk="1" />
				</oreGen>
			</planet>
			<planet name="Deimos" DIMID="112" temp="250" customIcon="potato">
				<isKnown>true</isKnown>
				<biomeIds>biometweaker:asteroid</biomeIds>
				<fogColor>1.0,1.0,1.0</fogColor>
				<skyColor>1.0,1.0,1.0</skyColor>
				<atmosphereDensity>0</atmosphereDensity>
				<gravitationalMultiplier>1</gravitationalMultiplier>
				<orbitalDistance>250</orbitalDistance>
				<orbitalPhi>1.788</orbitalPhi>
				<rotationalPeriod>30300</rotationalPeriod>
				<atmosphereDensity>0</atmosphereDensity>
				<oceanBlock>minecraft:packed_ice</oceanBlock>
				<seaLevel>0</seaLevel>
				<generateStructures>false</generateStructures>
				<oreGen>
					<ore block="minecraft:packed_ice" minHeight="5" maxHeight="60" clumpSize="33" chancePerChunk="5" />
					<ore block="minecraft:iron_ore" minHeight="20" maxHeight="170" clumpSize="9" chancePerChunk="30" />
					<ore block="thermalfoundation:ore" meta="5" minHeight="20" maxHeight="170" clumpSize="7" chancePerChunk="3" />
					<ore block="thermalfoundation:ore" meta="7" minHeight="5" maxHeight="50" clumpSize="4" chancePerChunk="1" />
				</oreGen>
			</planet>
		</planet>
		<planet name="Jupiter" DIMID="104" customIcon="jupiter">
			<isKnown>true</isKnown>
            <GasGiant>true</GasGiant>
			<gas>hydrogen</gas>
			<gas>pyrotheum</gas>
			<orbitalDistance>260</orbitalDistance>
			<orbitalPhi>1.3</orbitalPhi>
			<rotationalPeriod>9900</rotationalPeriod>
			<planet name="Io" DIMID="105" temp="200" customIcon="io">
				<biomeIds>advancedrocketry:volcanic</biomeIds>
				<atmosphereDensity>0</atmosphereDensity>
				<gravitationalMultiplier>30</gravitationalMultiplier>
				<orbitalDistance>70</orbitalDistance>
				<orbitalPhi>0</orbitalPhi>
				<rotationalPeriod>10000</rotationalPeriod>
            </planet>
			<planet name="Europa" DIMID="106" temp="200" customIcon="europa">
				<isKnown>true</isKnown>
				<biomeIds>minecraft:frozen_ocean</biomeIds>
				<seaLevel>30</seaLevel>
				<atmosphereDensity>0</atmosphereDensity>
				<gravitationalMultiplier>30</gravitationalMultiplier>
				<orbitalDistance>90</orbitalDistance>
				<orbitalPhi>0.47</orbitalPhi>
				<rotationalPeriod>10000</rotationalPeriod>
            </planet>
        </planet>
		<planet name="Saturn" DIMID="107" customIcon="saturn">
			<isKnown>true</isKnown>
            <GasGiant>true</GasGiant>
			<gas>hydrogen</gas>
			<gas>aerotheum</gas>
			<hasRings>true</hasRings>
			<orbitalDistance>375</orbitalDistance>
			<orbitalPhi>2.5</orbitalPhi>
			<rotationalPeriod>10600</rotationalPeriod>
			<planet name="Titan" DIMID="108" temp="200" customIcon="venus">
				<isKnown>true</isKnown>
				<skyColor>0.8,0.6,0.3</skyColor>
				<fogColor>0.8,0.6,0.1</fogColor>
				<atmosphereDensity>150</atmosphereDensity>
				<hasOxygen>false</hasOxygen>
				<gravitationalMultiplier>30</gravitationalMultiplier>
				<orbitalDistance>100</orbitalDistance>
				<orbitalPhi>120</orbitalPhi>
				<rotationalPeriod>12000</rotationalPeriod>
			</planet>
        </planet>
		<planet name="Uranus" DIMID="109" customIcon="uranus">
			<isKnown>true</isKnown>
		    <GasGiant>true</GasGiant>
			<gas>water</gas>
			<gas>cryotheum</gas>
			<orbitalDistance>525</orbitalDistance>
			<orbitalPhi>0.77</orbitalPhi>
			<rotationalPeriod>17250</rotationalPeriod>
        </planet>
		<planet name="Neptune" DIMID="110" customIcon="neptune">
			<isKnown>true</isKnown>
		    <GasGiant>true</GasGiant>
			<gas>water</gas>
			<gas>ender</gas>
			<orbitalDistance>650</orbitalDistance>
			<orbitalPhi>1.77</orbitalPhi>
			<rotationalPeriod>21100</rotationalPeriod>
        </planet>
	</star>
</galaxy>
