<!-->
	IMPORTANT NOTICE TO MODPACK MAKERS!!!!
	
	XML recipes are being DEPRECATED soon.
	This means that recipes registered via the XML for MACHINES will no longer work
	To avoid issues that may arise from this, please either distribute a RESOURCE PACK
	with relevant JSON recipes OR user Craft tweaker + Advanced rocketry tweaker (3rd party)
	https://minecraft.curseforge.com/projects/advanced-rocketry-tweaker
	
	IMPORTANT NOTICE TO MODPACK MAKERS!!!!
	
	
	<Recipe timeRequired="NUMBER" power="NUMBER">
		<input>
			<fluidStack>FLUID NAME;SIZE</fluidStack>
			<itemStack>ITEM_NAME;SIZE;META</itemStack>
			<oreDict>OREDICT_NAME;SIZE</oreDict>
        </input>
		<output>
			<fluidStack>FLUID_NAME;SIZE</fluidStack>
			<itemStack>ITEM_NAME;SIZE;META</itemStack>
			<oreDict>OREDICT_NAME;SIZE</oreDict>
		</output>
	</Recipe>
	
	Can have Multiple In/Outputs
	Some Machines can only Accept either Fluids or Items
	
	timeRequired="NUMBER"	how long a Recipe takes, Unit is in Ticks.
	power="NUMBER" how much Power the Recipes takes per Tick. Unit is in RF.
	
	The "useDefault" attribute will prevent loading of recipes if set to "false"
<!-->
<Recipes useDefault="false">
	<Recipe timeRequired="900" power ="50">
		<input>
			<itemStack>minecraft:redstone</itemStack>
			<itemStack>minecraft:ender_eye</itemStack>
			<itemStack>advancedrocketry:itemcircuitplate</itemStack>
		</input>
		<output>
			<itemStack>advancedrocketry:ic;1;1</itemStack>
		</output>
	</Recipe>
	<Recipe timeRequired="200" power ="1">
		<input>
			<itemStack>minecraft:feather</itemStack>
			<itemStack>advancedrocketry:ic;1;2</itemStack>
			<itemStack>advancedrocketry:ic;1;3</itemStack>
			<itemStack>minecraft:leather_boots</itemStack>
		</input>
		<output>
			<itemStack>advancedrocketry:itemupgrade;1;3</itemStack>
		</output>
	</Recipe>
	<Recipe timeRequired="2000" power ="250">
		<input>
			<itemStack>libvulpes:advstructuremachine</itemStack>
			<itemStack>advancedrocketry:ic;1;2</itemStack>
			<itemStack>thermalfoundation:material;8;352</itemStack>
			<itemStack>libvulpes:productgem;32</itemStack>
		</input>
		<output>
			<itemStack>advancedrocketry:nuclearcore</itemStack>
		</output>
	</Recipe>
	<Recipe timeRequired="200" power ="10">
		<input>
			<itemStack>minecraft:redstone</itemStack>
			<itemStack>minecraft:dye;1;4</itemStack>
			<itemStack>thermalfoundation:material;1;352</itemStack>
		</input>
		<output>
			<itemStack>advancedrocketry:ic;1;5</itemStack>
		</output>
	</Recipe>
	<Recipe timeRequired="200" power ="10">
		<input>
			<itemStack>minecraft:redstone</itemStack>
			<itemStack>thermalfoundation:material;1;33</itemStack>
			<itemStack>thermalfoundation:material;1;352</itemStack>
		</input>
		<output>
			<itemStack>advancedrocketry:ic;1;4</itemStack>
		</output>
	</Recipe>
	<Recipe timeRequired="200" power ="1">
		<input>
			<itemStack>minecraft:redstone</itemStack>
			<itemStack>advancedrocketry:ic</itemStack>
			<itemStack>advancedrocketry:ic;1;3</itemStack>
			<itemStack>minecraft:redstone_torch</itemStack>
		</input>
		<output>
			<itemStack>advancedrocketry:itemupgrade</itemStack>
		</output>
	</Recipe>
	<Recipe timeRequired="200" power ="1">
		<input>
			<itemStack>minecraft:diamond</itemStack>
			<itemStack>advancedrocketry:ic;1;2</itemStack>
			<itemStack>advancedrocketry:ic;1;3</itemStack>
			<itemStack>minecraft:fire_charge</itemStack>
		</input>
		<output>
			<itemStack>advancedrocketry:itemupgrade;1;1</itemStack>
		</output>
	</Recipe>
	<Recipe timeRequired="100" power ="1">
		<input>
			<itemStack>advancedrocketry:spacestationchip</itemStack>
			<itemStack>advancedrocketry:ic;1;1</itemStack>
		</input>
		<output>
			<itemStack>advancedrocketry:elevatorchip</itemStack>
		</output>
	</Recipe>
	<Recipe timeRequired="500" power ="60">
		<input>
			<itemStack>minecraft:redstone</itemStack>
			<itemStack>minecraft:emerald</itemStack>
			<itemStack>advancedrocketry:ic</itemStack>
		</input>
		<output>
			<itemStack>advancedrocketry:dataunit</itemStack>
		</output>
	</Recipe>
	<Recipe timeRequired="200" power ="10">
		<input>
			<itemStack>minecraft:redstone</itemStack>
			<itemStack>thermalfoundation:material;1;320</itemStack>
			<itemStack>thermalfoundation:material;1;352</itemStack>
		</input>
		<output>
			<itemStack>advancedrocketry:ic;1;3</itemStack>
		</output>
	</Recipe>
	<Recipe timeRequired="100" power ="1">
		<input>
			<itemStack>libvulpes:productrod;1;1</itemStack>
			<itemStack>advancedrocketry:lens;3</itemStack>
			<itemStack>minecraft:glass;3</itemStack>
		</input>
		<output>
			<itemStack>advancedrocketry:blocklens</itemStack>
		</output>
	</Recipe>
	<Recipe timeRequired="200" power ="1">
		<input>
			<itemStack>libvulpes:motor</itemStack>
			<itemStack>advancedrocketry:ic;1;2</itemStack>
			<itemStack>advancedrocketry:ic;1;3</itemStack>
		</input>
		<output>
			<itemStack>advancedrocketry:itemupgrade;1;2</itemStack>
		</output>
	</Recipe>
	<Recipe timeRequired="1000" power ="1">
		<input>
			<itemStack>libvulpes:battery</itemStack>
			<itemStack>advancedrocketry:ic;1;2</itemStack>
			<itemStack>advancedrocketry:misc</itemStack>
			<itemStack>advancedrocketry:ic;1;1</itemStack>
			<itemStack>thermalfoundation:material;1;321</itemStack>
		</input>
		<output>
			<itemStack>advancedrocketry:biomechanger</itemStack>
		</output>
	</Recipe>
	<Recipe timeRequired="1000" power ="1">
		<input>
			<itemStack>libvulpes:productrod;2;4</itemStack>
			<itemStack>libvulpes:productrod;1;7</itemStack>
			<itemStack>advancedrocketry:ic;1;2</itemStack>
			<itemStack>advancedrocketry:wafer;2</itemStack>
		</input>
		<output>
			<itemStack>advancedrocketry:satelliteprimaryfunction;1;5</itemStack>
		</output>
	</Recipe>
	<Recipe timeRequired="100" power ="1">
		<input>
			<itemStack>advancedrocketry:ic;1;1</itemStack>
			<itemStack>advancedrocketry:itemupgrade;1;4</itemStack>
		</input>
		<output>
			<itemStack>advancedrocketry:beaconfinder</itemStack>
		</output>
	</Recipe>
	<Recipe timeRequired="900" power ="100">
		<input>
			<itemStack>minecraft:gold_ingot</itemStack>
			<itemStack>minecraft:redstone</itemStack>
			<itemStack>advancedrocketry:wafer</itemStack>
		</input>
		<output>
			<itemStack>advancedrocketry:itemcircuitplate</itemStack>
		</output>
	</Recipe>
	<Recipe timeRequired="1000" power ="1">
		<input>
			<itemStack>libvulpes:battery</itemStack>
			<itemStack>advancedrocketry:ic;1;2</itemStack>
			<itemStack>advancedrocketry:misc</itemStack>
			<itemStack>advancedrocketry:lens</itemStack>
			<itemStack>thermalfoundation:material;1;321</itemStack>
		</input>
		<output>
			<itemStack>advancedrocketry:atmanalyser</itemStack>
		</output>
	</Recipe>
	<Recipe timeRequired="200" power ="1">
		<input>
			<itemStack>libvulpes:battery</itemStack>
			<itemStack>advancedrocketry:ic;1;2</itemStack>
			<itemStack>advancedrocketry:ic;1;3</itemStack>
			<itemStack>advancedrocketry:lens</itemStack>
		</input>
		<output>
			<itemStack>advancedrocketry:itemupgrade;1;4</itemStack>
		</output>
	</Recipe>
	<Recipe timeRequired="900" power ="100">
		<input>
			<itemStack>minecraft:gold_ingot</itemStack>
			<itemStack>minecraft:redstone_block</itemStack>
			<itemStack>advancedrocketry:wafer</itemStack>
		</input>
		<output>
			<itemStack>advancedrocketry:itemcircuitplate;1;1</itemStack>
		</output>
	</Recipe>
	<Recipe timeRequired="600" power ="750">
		<input>
			<itemStack>jsg:crystal_red;2</itemStack>
			<itemStack>jsg:naquadah_alloy;2</itemStack>
			<itemStack>jsg:fragment_stargate_milkyway;3</itemStack>
			<itemStack>jsg:circuit_control_naquadah;1</itemStack>
			<itemStack>jsg:schematic_milkyway;1</itemStack>
		</input>
		<output>
			<itemStack>jsg:stargate_milkyway_base_block;1</itemStack>
			<itemStack>jsg:schematic_milkyway;1</itemStack>
		</output>
	</Recipe>
	<Recipe timeRequired="600" power ="500">
		<input>
			<itemStack>minecraft:glass;1</itemStack>
			<itemStack>minecraft:glowstone_dust;4</itemStack>
			<itemStack>jsg:crystal_red;1</itemStack>
			<itemStack>jsg:naquadah_alloy;4</itemStack>
			<itemStack>jsg:fragment_stargate_milkyway;2</itemStack>
			<itemStack>jsg:schematic_milkyway;1</itemStack>
		</input>
		<output>
			<itemStack>jsg:stargate_milkyway_member_block;2;14</itemStack>
			<itemStack>jsg:schematic_milkyway;1</itemStack>
		</output>
	</Recipe>
	<Recipe timeRequired="600" power ="250">
		<input>
			<itemStack>jsg:crystal_red;1</itemStack>
			<itemStack>jsg:naquadah_alloy;2</itemStack>
			<itemStack>jsg:fragment_stargate_milkyway;2</itemStack>
			<itemStack>jsg:schematic_milkyway;1</itemStack>
		</input>
		<output>
			<itemStack>jsg:stargate_milkyway_member_block;2;6</itemStack>
			<itemStack>jsg:schematic_milkyway;1</itemStack>
		</output>
	</Recipe>
	<Recipe timeRequired="600" power ="1000">
		<input>
			<itemStack>jsg:crystal_red;2</itemStack>
			<itemStack>jsg:holder_crystal;1</itemStack>
			<itemStack>minecraft:stone_button;4</itemStack>
			<itemStack>jsg:naquadah_alloy;2</itemStack>
			<itemStack>jsg:circuit_control_naquadah;1</itemStack>
			<itemStack>jsg:schematic_milkyway;1</itemStack>
		</input>
		<output>
			<itemStack>jsg:dhd_block;1</itemStack>
			<itemStack>jsg:schematic_milkyway;1</itemStack>
		</output>
	</Recipe>
	<Recipe timeRequired="600" power ="750">
		<input>
			<itemStack>jsg:crystal_white;2</itemStack>
			<itemStack>jsg:naquadah_alloy;2</itemStack>
			<itemStack>jsg:fragment_stargate_universe;3</itemStack>
			<itemStack>jsg:circuit_control_naquadah;1</itemStack>
			<itemStack>jsg:schematic_universe;1</itemStack>
		</input>
		<output>
			<itemStack>jsg:stargate_universe_base_block;1</itemStack>
			<itemStack>jsg:schematic_universe;1</itemStack>
		</output>
	</Recipe>
	<Recipe timeRequired="600" power ="500">
		<input>
			<itemStack>minecraft:glass;1</itemStack>
			<itemStack>minecraft:glowstone_dust;4</itemStack>
			<itemStack>jsg:crystal_white;1</itemStack>
			<itemStack>jsg:naquadah_alloy;4</itemStack>
			<itemStack>jsg:fragment_stargate_universe;2</itemStack>
			<itemStack>jsg:schematic_universe;1</itemStack>
		</input>
		<output>
			<itemStack>jsg:stargate_universe_member_block;2;14</itemStack>
			<itemStack>jsg:schematic_universe;1</itemStack>
		</output>
	</Recipe>
	<Recipe timeRequired="600" power ="250">
		<input>
			<itemStack>jsg:crystal_white;1</itemStack>
			<itemStack>jsg:naquadah_alloy;2</itemStack>
			<itemStack>jsg:fragment_stargate_universe;2</itemStack>
			<itemStack>jsg:schematic_universe;1</itemStack>
		</input>
		<output>
			<itemStack>jsg:stargate_universe_member_block;2;6</itemStack>
			<itemStack>jsg:schematic_universe;1</itemStack>
		</output>
	</Recipe>
	<Recipe timeRequired="600" power ="250">
		<input>
			<itemStack>minecraft:glass_pane;1</itemStack>
			<itemStack>jsg:crystal_white;2</itemStack>
			<itemStack>jsg:fragment_stargate_universe;2</itemStack>
			<itemStack>jsg:gear_naquadah_raw;4</itemStack>
			<itemStack>jsg:circuit_control_crystal;1</itemStack>
			<itemStack>jsg:schematic_universe;1</itemStack>
		</input>
		<output>
			<itemStack>jsg:destiny_countdown_block;1</itemStack>
			<itemStack>jsg:schematic_universe;1</itemStack>
		</output>
	</Recipe>
	<Recipe timeRequired="600" power ="750">
		<input>
			<itemStack>jsg:crystal_blue_pegasus;2</itemStack>
			<itemStack>jsg:naquadah_alloy;2</itemStack>
			<itemStack>jsg:fragment_stargate_pegasus;3</itemStack>
			<itemStack>jsg:circuit_control_naquadah;1</itemStack>
			<itemStack>jsg:schematic_pegasus;1</itemStack>
		</input>
		<output>
			<itemStack>jsg:stargate_pegasus_base_block;1</itemStack>
			<itemStack>jsg:schematic_pegasus;1</itemStack>
		</output>
	</Recipe>
	<Recipe timeRequired="600" power ="500">
		<input>
			<itemStack>minecraft:glass;1</itemStack>
			<itemStack>minecraft:glowstone_dust;4</itemStack>
			<itemStack>jsg:crystal_blue_pegasus;1</itemStack>
			<itemStack>jsg:naquadah_alloy;4</itemStack>
			<itemStack>jsg:fragment_stargate_pegasus;2</itemStack>
			<itemStack>jsg:schematic_pegasus;1</itemStack>
		</input>
		<output>
			<itemStack>jsg:stargate_pegasus_member_block;2;14</itemStack>
			<itemStack>jsg:schematic_pegasus;1</itemStack>
		</output>
	</Recipe>
	<Recipe timeRequired="600" power ="250">
		<input>
			<itemStack>jsg:crystal_blue_pegasus;1</itemStack>
			<itemStack>jsg:naquadah_alloy;2</itemStack>
			<itemStack>jsg:fragment_stargate_pegasus;2</itemStack>
			<itemStack>jsg:schematic_pegasus;1</itemStack>
		</input>
		<output>
			<itemStack>jsg:stargate_pegasus_member_block;2;6</itemStack>
			<itemStack>jsg:schematic_pegasus;1</itemStack>
		</output>
	</Recipe>
	<Recipe timeRequired="600" power ="1000">
		<input>
			<itemStack>jsg:crystal_blue_pegasus;2</itemStack>
			<itemStack>jsg:holder_crystal_pegasus;1</itemStack>
			<itemStack>minecraft:stone_button;4</itemStack>
			<itemStack>jsg:naquadah_alloy;2</itemStack>
			<itemStack>jsg:circuit_control_naquadah;1</itemStack>
			<itemStack>jsg:schematic_pegasus;1</itemStack>
		</input>
		<output>
			<itemStack>jsg:dhd_pegasus_block;1</itemStack>
			<itemStack>jsg:schematic_pegasus;1</itemStack>
		</output>
	</Recipe>
	<Recipe timeRequired="600" power ="250">
		<input>
			<itemStack>jsg:crystal_ender;2</itemStack>
			<itemStack>jsg:naquadah_alloy;2</itemStack>
			<itemStack>jsg:fragment_transportrings_goauld;2</itemStack>
			<itemStack>jsg:circuit_control_naquadah;1</itemStack>
			<itemStack>jsg:schematic_goauld;1</itemStack>
		</input>
		<output>
			<itemStack>jsg:transportrings_goauld_block;1</itemStack>
			<itemStack>jsg:schematic_goauld;1</itemStack>
		</output>
	</Recipe>
	<Recipe timeRequired="200" power ="250">
		<input>
			<itemStack>jsg:crystal_ender;1</itemStack>
			<itemStack>jsg:naquadah_alloy;2</itemStack>
			<itemStack>minecraft:gold_ingot;3</itemStack>
			<itemStack>minecraft:stone_button;2</itemStack>
			<itemStack>jsg:circuit_control_naquadah;1</itemStack>
			<itemStack>jsg:schematic_goauld;1</itemStack>
		</input>
		<output>
			<itemStack>jsg:transportrings_controller_goauld_block;1</itemStack>
			<itemStack>jsg:schematic_goauld;1</itemStack>
		</output>
	</Recipe>
	<Recipe timeRequired="600" power ="250">
		<input>
			<itemStack>jsg:crystal_ender;2</itemStack>
			<itemStack>jsg:trinium_ingot;2</itemStack>
			<itemStack>jsg:fragment_transportrings_ori;2</itemStack>
			<itemStack>jsg:circuit_control_naquadah;1</itemStack>
			<itemStack>jsg:schematic_ori;1</itemStack>
		</input>
		<output>
			<itemStack>jsg:transportrings_ori_block;1</itemStack>
			<itemStack>jsg:schematic_ori;1</itemStack>
		</output>
	</Recipe>
	<Recipe timeRequired="600" power ="250">
		<input>
			<itemStack>jsg:crystal_white</itemStack>
			<itemStack>libvulpes:productingot;2;7</itemStack>
			<itemStack>jsg:fragment_transportrings_ancient;2</itemStack>
			<itemStack>jsg:circuit_control_naquadah;1</itemStack>
			<itemStack>jsg:schematic_ancient;1</itemStack>
		</input>
		<output>
			<itemStack>jsg:transportrings_ancient_block;1</itemStack>
			<itemStack>jsg:schematic_ancient;1</itemStack>
		</output>
	</Recipe>
</Recipes>