
{
  "ID": 175,
  "Name": "Ancient Volcano",
  "Resource Location": "biometweaker:volcano",
  "Class": "me.superckl.biometweaker.common.world.biome.BiomeTweakerBiome",
  "Root Height": 3.0,
  "Height Variation": 0.75,
  "Top Block": "advancedrocketry:hotturf",
  "Filler Block": "projectred-exploration:stone[type\u003dbasalt]",
  "Ocean Top Block": "projectred-exploration:stone[type\u003dbasalt]",
  "Ocean Filler Block": "minecraft:stone[variant\u003dstone]",
  "Actual Filler Blocks": [
    "minecraft:stone[variant\u003dstone]"
  ],
  "Grass Color": "Not set. Check in-game.",
  "Foliage Color": "Not set. Check in-game.",
  "Water Color": "16777215",
  "Temperature": 0.3,
  "Humidity": 0.0,
  "Water Tint": 16777215,
  "Enable Rain": true,
  "Enable Snow": false,
  "Dictionary Types": [
    "SPARSE",
    "FOREST",
    "DRY",
    "MOUNTAIN"
  ],
  "BiomeManager Entries": {},
  "Spawnable Creatures": [
    {
      "Entity Class": "net.minecraft.entity.passive.EntitySheep",
      "Weight": 12,
      "Min Group Count": 4,
      "Max Group Count": 6
    },
    {
      "Entity Class": "net.minecraft.entity.passive.EntityWolf",
      "Weight": 4,
      "Min Group Count": 4,
      "Max Group Count": 4
    },
    {
      "Entity Class": "net.minecraft.entity.passive.EntityLlama",
      "Weight": 5,
      "Min Group Count": 4,
      "Max Group Count": 6
    }
  ],
  "Spawnable Monsters": [],
  "Spawnable Water Creatures": [
    {
      "Entity Class": "net.minecraft.entity.passive.EntitySquid",
      "Weight": 10,
      "Min Group Count": 4,
      "Max Group Count": 4
    }
  ],
  "Spawnable Cave Creatures": [
    {
      "Entity Class": "net.minecraft.entity.passive.EntityBat",
      "Weight": 10,
      "Min Group Count": 8,
      "Max Group Count": 8
    }
  ],
  "Spawn Biome": false,
  "Tweaked": true,
  "BOP Generators": {
    "FLOWERS Generators": [
      {
        "ID": "flora",
        "Name": "glowshrooms"
      },
      {
        "ID": "flora",
        "Name": "miners_delight"
      },
      {
        "ID": "flora",
        "Name": "roots"
      }
    ]
  },
  "BOP Owner": "OTHER",
  "BOP Weight Map": {},
  "BOP Climate Weights": {},
  "BOP Island Weight": 0
}