
{
  "ID": 67,
  "Name": "Maple Woods",
  "Resource Location": "biomesoplenty:maple_woods",
  "Class": "biomesoplenty.common.biome.overworld.BiomeGenMapleWoods",
  "Root Height": 0.29411766,
  "Height Variation": 0.2625,
  "Top Block": "minecraft:grass[snowy\u003dfalse]",
  "Filler Block": "minecraft:dirt[snowy\u003dfalse,variant\u003ddirt]",
  "Ocean Top Block": "minecraft:gravel",
  "Ocean Filler Block": "minecraft:stone[variant\u003dstone]",
  "Actual Filler Blocks": [
    "minecraft:stone[variant\u003dstone]"
  ],
  "Grass Color": "Not set. Check in-game.",
  "Foliage Color": "Not set. Check in-game.",
  "Water Color": "16777215",
  "Temperature": 0.25,
  "Humidity": 0.8,
  "Water Tint": 16777215,
  "Enable Rain": true,
  "Enable Snow": false,
  "Dictionary Types": [
    "DENSE",
    "COLD",
    "FOREST",
    "CONIFEROUS"
  ],
  "BiomeManager Entries": {},
  "Spawnable Creatures": [
    {
      "Entity Class": "net.minecraft.entity.passive.EntitySheep",
      "Weight": 12,
      "Min Group Count": 4,
      "Max Group Count": 4
    },
    {
      "Entity Class": "net.minecraft.entity.passive.EntityPig",
      "Weight": 10,
      "Min Group Count": 4,
      "Max Group Count": 4
    },
    {
      "Entity Class": "net.minecraft.entity.passive.EntityChicken",
      "Weight": 10,
      "Min Group Count": 4,
      "Max Group Count": 4
    },
    {
      "Entity Class": "net.minecraft.entity.passive.EntityCow",
      "Weight": 8,
      "Min Group Count": 4,
      "Max Group Count": 4
    },
    {
      "Entity Class": "net.minecraft.entity.passive.EntityWolf",
      "Weight": 5,
      "Min Group Count": 4,
      "Max Group Count": 4
    },
    {
      "Entity Class": "net.minecraft.entity.passive.EntityRabbit",
      "Weight": 4,
      "Min Group Count": 2,
      "Max Group Count": 3
    }
  ],
  "Spawnable Monsters": [
    {
      "Entity Class": "net.minecraft.entity.monster.EntitySpider",
      "Weight": 100,
      "Min Group Count": 4,
      "Max Group Count": 4
    },
    {
      "Entity Class": "net.minecraft.entity.monster.EntityZombie",
      "Weight": 95,
      "Min Group Count": 4,
      "Max Group Count": 4
    },
    {
      "Entity Class": "net.minecraft.entity.monster.EntityZombieVillager",
      "Weight": 5,
      "Min Group Count": 1,
      "Max Group Count": 1
    },
    {
      "Entity Class": "net.minecraft.entity.monster.EntitySkeleton",
      "Weight": 100,
      "Min Group Count": 4,
      "Max Group Count": 4
    },
    {
      "Entity Class": "net.minecraft.entity.monster.EntityCreeper",
      "Weight": 100,
      "Min Group Count": 4,
      "Max Group Count": 4
    },
    {
      "Entity Class": "net.minecraft.entity.monster.EntitySlime",
      "Weight": 100,
      "Min Group Count": 4,
      "Max Group Count": 4
    },
    {
      "Entity Class": "net.minecraft.entity.monster.EntityEnderman",
      "Weight": 10,
      "Min Group Count": 1,
      "Max Group Count": 4
    },
    {
      "Entity Class": "net.minecraft.entity.monster.EntityWitch",
      "Weight": 5,
      "Min Group Count": 1,
      "Max Group Count": 1
    },
    {
      "Entity Class": "wily.mozombieswave.entity.EntityDiscoZombie",
      "Weight": 15,
      "Min Group Count": 1,
      "Max Group Count": 4
    },
    {
      "Entity Class": "wily.mozombieswave.entity.EntityZombieDwarf",
      "Weight": 15,
      "Min Group Count": 1,
      "Max Group Count": 4
    },
    {
      "Entity Class": "wily.mozombieswave.entity.EntityZombieChef",
      "Weight": 15,
      "Min Group Count": 1,
      "Max Group Count": 4
    },
    {
      "Entity Class": "wily.mozombieswave.entity.EntityZombieCyborg",
      "Weight": 15,
      "Min Group Count": 1,
      "Max Group Count": 4
    },
    {
      "Entity Class": "wily.mozombieswave.entity.EntityZombieCreeper",
      "Weight": 15,
      "Min Group Count": 1,
      "Max Group Count": 4
    },
    {
      "Entity Class": "wily.mozombieswave.entity.EntityZombieHerobrine",
      "Weight": 15,
      "Min Group Count": 1,
      "Max Group Count": 4
    },
    {
      "Entity Class": "wily.mozombieswave.entity.EntityZombieKing",
      "Weight": 15,
      "Min Group Count": 1,
      "Max Group Count": 4
    },
    {
      "Entity Class": "wily.mozombieswave.entity.EntityZombieKnight",
      "Weight": 15,
      "Min Group Count": 1,
      "Max Group Count": 4
    },
    {
      "Entity Class": "wily.mozombieswave.entity.EntityZombieMiner",
      "Weight": 15,
      "Min Group Count": 1,
      "Max Group Count": 4
    },
    {
      "Entity Class": "wily.mozombieswave.entity.EntityZombieNotch",
      "Weight": 15,
      "Min Group Count": 1,
      "Max Group Count": 4
    },
    {
      "Entity Class": "wily.mozombieswave.entity.EntityZombiePa",
      "Weight": 15,
      "Min Group Count": 1,
      "Max Group Count": 4
    },
    {
      "Entity Class": "wily.mozombieswave.entity.EntityZombiePirate",
      "Weight": 15,
      "Min Group Count": 1,
      "Max Group Count": 4
    },
    {
      "Entity Class": "wily.mozombieswave.entity.EntitySurvivor",
      "Weight": 2,
      "Min Group Count": 1,
      "Max Group Count": 2
    },
    {
      "Entity Class": "net.daveyx0.primitivemobs.entity.monster.EntityFestiveCreeper",
      "Weight": 10,
      "Min Group Count": 1,
      "Max Group Count": 1
    }
  ],
  "Spawnable Water Creatures": [
    {
      "Entity Class": "net.minecraft.entity.passive.EntitySquid",
      "Weight": 10,
      "Min Group Count": 4,
      "Max Group Count": 4
    }
  ],
  "Spawnable Cave Creatures": [
    {
      "Entity Class": "net.minecraft.entity.passive.EntityBat",
      "Weight": 10,
      "Min Group Count": 8,
      "Max Group Count": 8
    }
  ],
  "Spawn Biome": true,
  "Tweaked": false,
  "BOP Generators": {
    "LILYPAD Generators": [
      {
        "ID": "flora",
        "Name": "water_reeds"
      }
    ],
    "FLOWERS Generators": [
      {
        "ID": "flora",
        "Name": "glowshrooms"
      },
      {
        "ID": "weighted",
        "Name": "flowers"
      },
      {
        "ID": "flora",
        "Name": "miners_delight"
      },
      {
        "ID": "flora",
        "Name": "dead_leaf_piles"
      },
      {
        "ID": "flora",
        "Name": "roots"
      }
    ],
    "GRASS Generators": [
      {
        "ID": "weighted",
        "Name": "grass"
      }
    ],
    "SAND Generators": [
      {
        "ID": "ore_single",
        "Name": "tanzanite"
      }
    ],
    "SAND_PASS2 Generators": [
      {
        "ID": "waterside",
        "Name": "gravel"
      },
      {
        "ID": "waterside",
        "Name": "sand"
      }
    ],
    "TREE Generators": [
      {
        "ID": "weighted",
        "Name": "trees"
      }
    ]
  },
  "BOP Owner": "BIOMESOPLENTY",
  "BOP Weight Map": {
    "BOREAL": 10
  },
  "BOP Climate Weights": {
    "BOREAL": [
      10
    ]
  },
  "BOP Island Weight": 0
}