
{
  "ID": 121,
  "Name": "Sand Plains",
  "Resource Location": "atum:sand_plains",
  "Class": "com.teammetallurgy.atum.world.biome.BiomeSandPlains",
  "Root Height": 0.135,
  "Height Variation": 0.05,
  "Top Block": "atum:sand",
  "Filler Block": "atum:limestone[contains_scarab\u003dfalse]",
  "Ocean Top Block": "minecraft:gravel",
  "Ocean Filler Block": "minecraft:stone[variant\u003dstone]",
  "Actual Filler Blocks": [
    "minecraft:stone[variant\u003dstone]"
  ],
  "Grass Color": "Not set. Check in-game.",
  "Foliage Color": "Not set. Check in-game.",
  "Water Color": "16421912",
  "Temperature": 2.0,
  "Humidity": 0.0,
  "Water Tint": 16421912,
  "Enable Rain": false,
  "Enable Snow": false,
  "Dictionary Types": [
    "PLAINS",
    "SPARSE",
    "SANDY",
    "DRY",
    "ATUM",
    "HOT"
  ],
  "BiomeManager Entries": {},
  "Spawnable Creatures": [
    {
      "Entity Class": "com.teammetallurgy.atum.entity.animal.EntityDesertRabbit",
      "Weight": 5,
      "Min Group Count": 2,
      "Max Group Count": 3
    },
    {
      "Entity Class": "com.teammetallurgy.atum.entity.animal.EntityCamel",
      "Weight": 6,
      "Min Group Count": 2,
      "Max Group Count": 6
    }
  ],
  "Spawnable Monsters": [
    {
      "Entity Class": "com.teammetallurgy.atum.entity.bandit.EntityAssassin",
      "Weight": 1,
      "Min Group Count": 1,
      "Max Group Count": 1
    },
    {
      "Entity Class": "com.teammetallurgy.atum.entity.bandit.EntityBarbarian",
      "Weight": 8,
      "Min Group Count": 1,
      "Max Group Count": 2
    },
    {
      "Entity Class": "com.teammetallurgy.atum.entity.bandit.EntityBrigand",
      "Weight": 30,
      "Min Group Count": 2,
      "Max Group Count": 3
    },
    {
      "Entity Class": "com.teammetallurgy.atum.entity.bandit.EntityNomad",
      "Weight": 22,
      "Min Group Count": 1,
      "Max Group Count": 4
    },
    {
      "Entity Class": "com.teammetallurgy.atum.entity.undead.EntityBonestorm",
      "Weight": 5,
      "Min Group Count": 1,
      "Max Group Count": 2
    },
    {
      "Entity Class": "com.teammetallurgy.atum.entity.undead.EntityForsaken",
      "Weight": 22,
      "Min Group Count": 1,
      "Max Group Count": 4
    },
    {
      "Entity Class": "com.teammetallurgy.atum.entity.undead.EntityMummy",
      "Weight": 30,
      "Min Group Count": 1,
      "Max Group Count": 3
    },
    {
      "Entity Class": "com.teammetallurgy.atum.entity.undead.EntityWraith",
      "Weight": 10,
      "Min Group Count": 1,
      "Max Group Count": 2
    },
    {
      "Entity Class": "com.teammetallurgy.atum.entity.stone.EntityStoneguard",
      "Weight": 34,
      "Min Group Count": 1,
      "Max Group Count": 2
    },
    {
      "Entity Class": "com.teammetallurgy.atum.entity.stone.EntityStonewarden",
      "Weight": 1,
      "Min Group Count": 1,
      "Max Group Count": 1
    },
    {
      "Entity Class": "com.teammetallurgy.atum.entity.animal.EntityTarantula",
      "Weight": 20,
      "Min Group Count": 1,
      "Max Group Count": 3
    },
    {
      "Entity Class": "wily.mozombieswave.entity.EntityDiscoZombie",
      "Weight": 15,
      "Min Group Count": 1,
      "Max Group Count": 4
    },
    {
      "Entity Class": "wily.mozombieswave.entity.EntityZombieDwarf",
      "Weight": 15,
      "Min Group Count": 1,
      "Max Group Count": 4
    },
    {
      "Entity Class": "wily.mozombieswave.entity.EntityZombieChef",
      "Weight": 15,
      "Min Group Count": 1,
      "Max Group Count": 4
    },
    {
      "Entity Class": "wily.mozombieswave.entity.EntityZombieCyborg",
      "Weight": 15,
      "Min Group Count": 1,
      "Max Group Count": 4
    },
    {
      "Entity Class": "wily.mozombieswave.entity.EntityZombieCreeper",
      "Weight": 15,
      "Min Group Count": 1,
      "Max Group Count": 4
    },
    {
      "Entity Class": "wily.mozombieswave.entity.EntityZombieHerobrine",
      "Weight": 15,
      "Min Group Count": 1,
      "Max Group Count": 4
    },
    {
      "Entity Class": "wily.mozombieswave.entity.EntityZombieKing",
      "Weight": 15,
      "Min Group Count": 1,
      "Max Group Count": 4
    },
    {
      "Entity Class": "wily.mozombieswave.entity.EntityZombieKnight",
      "Weight": 15,
      "Min Group Count": 1,
      "Max Group Count": 4
    },
    {
      "Entity Class": "wily.mozombieswave.entity.EntityZombieMiner",
      "Weight": 15,
      "Min Group Count": 1,
      "Max Group Count": 4
    },
    {
      "Entity Class": "wily.mozombieswave.entity.EntityZombieNotch",
      "Weight": 15,
      "Min Group Count": 1,
      "Max Group Count": 4
    },
    {
      "Entity Class": "wily.mozombieswave.entity.EntityZombiePa",
      "Weight": 15,
      "Min Group Count": 1,
      "Max Group Count": 4
    },
    {
      "Entity Class": "wily.mozombieswave.entity.EntityZombiePirate",
      "Weight": 15,
      "Min Group Count": 1,
      "Max Group Count": 4
    },
    {
      "Entity Class": "wily.mozombieswave.entity.EntitySurvivor",
      "Weight": 2,
      "Min Group Count": 1,
      "Max Group Count": 2
    },
    {
      "Entity Class": "net.daveyx0.primitivemobs.entity.monster.EntityFestiveCreeper",
      "Weight": 10,
      "Min Group Count": 1,
      "Max Group Count": 1
    }
  ],
  "Spawnable Water Creatures": [],
  "Spawnable Cave Creatures": [
    {
      "Entity Class": "net.minecraft.entity.passive.EntityBat",
      "Weight": 5,
      "Min Group Count": 8,
      "Max Group Count": 8
    }
  ],
  "Spawn Biome": false,
  "Tweaked": false,
  "BOP Generators": {
    "FLOWERS Generators": [
      {
        "ID": "flora",
        "Name": "glowshrooms"
      },
      {
        "ID": "flora",
        "Name": "miners_delight"
      },
      {
        "ID": "flora",
        "Name": "roots"
      }
    ]
  },
  "BOP Owner": "OTHER",
  "BOP Weight Map": {},
  "BOP Climate Weights": {},
  "BOP Island Weight": 0
}