
{
  "ID": 174,
  "Name": "Valley",
  "Resource Location": "biometweaker:basin",
  "Class": "net.minecraft.world.biome.BiomeOcean",
  "Root Height": -1.5,
  "Height Variation": 0.1,
  "Top Block": "advancedrocketry:hotturf",
  "Filler Block": "minecraft:clay",
  "Ocean Top Block": "advancedrocketry:hotturf",
  "Ocean Filler Block": "minecraft:stone[variant\u003dstone]",
  "Actual Filler Blocks": [
    "minecraft:stone[variant\u003dstone]"
  ],
  "Grass Color": "Not set. Check in-game.",
  "Foliage Color": "Not set. Check in-game.",
  "Water Color": "16777215",
  "Temperature": 0.3,
  "Humidity": 0.0,
  "Water Tint": 16777215,
  "Enable Rain": true,
  "Enable Snow": true,
  "Dictionary Types": [
    "SNOWY",
    "COLD",
    "OCEAN",
    "WATER"
  ],
  "BiomeManager Entries": {},
  "Spawnable Creatures": [],
  "Spawnable Monsters": [],
  "Spawnable Water Creatures": [
    {
      "Entity Class": "net.minecraft.entity.passive.EntitySquid",
      "Weight": 10,
      "Min Group Count": 4,
      "Max Group Count": 4
    }
  ],
  "Spawnable Cave Creatures": [
    {
      "Entity Class": "net.minecraft.entity.passive.EntityBat",
      "Weight": 10,
      "Min Group Count": 8,
      "Max Group Count": 8
    }
  ],
  "Spawn Biome": false,
  "Tweaked": true,
  "BOP Generators": {
    "FLOWERS Generators": [
      {
        "ID": "flora",
        "Name": "glowshrooms"
      },
      {
        "ID": "flora",
        "Name": "miners_delight"
      },
      {
        "ID": "flora",
        "Name": "roots"
      }
    ]
  },
  "BOP Owner": "OTHER",
  "BOP Weight Map": {},
  "BOP Climate Weights": {},
  "BOP Island Weight": 0
}